,id,name,age,username_twitter,hashtag,job,description,image,category,country,year,gdp,gdp_pro_capita,labour_percentage,gender_gap,percentuale_ministre,percentuale_parlamentari,hdi
0,3TG,Sonita Alizadeh,18.0,@SonitaAlizadeh,#endchildmarriage #sonitasdream #raptivist #childmarriage #generationchildmarriage,Rapper,Sonita narrowly escaped being sold into marriage as a young girl by writing the song Brides for Sale. She now uses her powerful voice and poetic lyrics to advocate an end to forced marriage across the world.,,,Afghanistan,2015,"20,22",599.349,"24,61942386",,,,"0,5"
1,Vui,Tahmina Kohistani,26.0,,#Olympic #Olympics2012 #100women #LondonOlympics2012 #Olympics100m,Sprinter,"A 100 metres runner, Tahmina was Afghanistan's only representative at the 2012 London Olympics despite facing fierce opposition in her home country. She failed to make it to the first round but achieved a personal best in the preliminary trials and has postponed her wedding to take part in next year's Olympics in Brazil.",,,Afghanistan,2015,"20,22",599.349,"24,61942386",,,,"0,5"
2,Emc,Bobbi Brown,58.0,@justbobbibrown,#WangJunkai #KarryWang,Make-up entrepreneur,"A professional make-up artist who founded the successful Bobbi Brown Cosmetics brand in the early 1990s. Sick of red lipstick, she was interested in celebrating rather than altering women's features, and forged a more natural look. Bobbi features in our '100 Women interviews' strand.",,,United States of America (the),2015,"18238,3",56848.51,"81,6254892","0,74","26,1","19,4","0,921"
3,kcb,Megan Grano,37.0,@megangrano,,Comedian,"One third of viral comedy trio The BreakWomb, Megan along with Molly Erdman and Laurel Coppock makes a sketch a week for YouTube about the trials of motherhood. Megan is also a writer, actor and director who regularly appears in sketches on American late night talk show Conan.",,,United States of America (the),2015,"18238,3",56848.51,"81,6254892","0,74","26,1","19,4","0,921"
4,xdL,Samantha John,29.0,@SamJ0hn,@hopscotch,Entrepreneur,"Samantha is the CTO and co-founder of Hopscotch, a mobile app enabling children to create and share their own mobile games. Samantha studied applied maths and then worked as an engineer before realising she preferred programming. Samantha appears in our '30 under 30' strand.",,,United States of America (the),2015,"18238,3",56848.51,"81,6254892","0,74","26,1","19,4","0,921"
5,36y,Amara Majeed,18.0,,#SriLanka #srilankannews #SriLankaAttacks #EasterAttackLK #AmaraMajeed #100women,Activist/author,Amara wrote The Foreigners in an attempt to eradicate stereotypes about Muslims. At 16 she founded The Hijab Project which encourages Muslim and non-Muslim women to try wearing the garment and share their experiences on social media.,,,United States of America (the),2015,"18238,3",56848.51,"81,6254892","0,74","26,1","19,4","0,921"
6,3Tz,Brit Morin,29.0,@brit,@BritandCo,Entrepreneur,"Brit is the founder and CEO of Brit + Co, a new media and commerce company. The company aims to enables creativity among women and girls through online classes and do-it-yourself kits. Brit appears in our '30 under 30' strand.",,,United States of America (the),2015,"18238,3",56848.51,"81,6254892","0,74","26,1","19,4","0,921"
7,DPe,Delaney Osborne,17.0,,,Schoolgirl,"Delaney and her boyfriend are expecting a baby in April. She lives with her mum in a small village outside Madison, Wisconsin, and is still at school. Delaney appears in our 'Good girl' film-makers strand.",,,United States of America (the),2015,"18238,3",56848.51,"81,6254892","0,74","26,1","19,4","0,921"
8,NJF,Hilary Swank,41.0,@HilarySwank,#MakeAChoice #MakeItHappen #BoysDontCry #HilarySwank @CobraKaiSeries #kobraKai #Away,Actor,"Hilary is an American actress and producer. She is the winner of two Academy and Golden Globe Awards for Best Actress (Boys Don't Cry, Million Dollar Baby). She is renowned for her portrayal of strong, sometimes troubled characters. Hilary features in our '100 Women interviews' strand.",,,United States of America (the),2015,"18238,3",56848.51,"81,6254892","0,74","26,1","19,4","0,921"
9,yze,Julie Sygiel,27.0,@juliesygiel,@pocketsproject @girlscouts #GirlScouts #Pocketwear @ladyprojectorg #FemaleFounders,Entrepreneur,Julie has used her chemical engineering background to develop a patent-pending fabric for knickers which helps protect against menstruation and minor incontinence leaks. Dear Kate specialises in high-performance underwear in a range of different styles and colours. Julie appears in our '30 under 30' strand.,,,United States of America (the),2015,"18238,3",56848.51,"81,6254892","0,74","26,1","19,4","0,921"
10,3BN,Isabel dos Santos,42.0,@isabelaangola,#LuandaLeaks #Angola #isabeldossa #IsabelDosSantos,Investor,"Isabel dos Santos is an investor and - according to Forbes - the richest woman in Africa. She is the eldest daughter of Angolan President Jose Eduardo dos Santos, and has investments in oil and gas, banking, telecoms and media companies.",,,Angola,2015,"116,194",4354.921,"96,15724827","0,637",,,"0,572"
11,338,Cecilia Bouzat,53.0,,#AdaLovelaceDay #SOBLA #BiophysicsWeek #womeninscience,Biophysicist,"Cecilia is a scientist who has made a significant contribution to our understanding of how brain cells communicate among themselves and with muscles. Her work has opened the door to potential new treatments for Alzheimer's disease, depression and certain addictive behaviours.",,,Argentina,2015,"642,464",14895.316,"65,75380153","0,734",,,"0,84"
12,Sdd,Estela de Carlotto,84.0,,#EstelaDeCarlotto #RompiendoMoldes,Activist,"Estela is president of The Grandmothers of the Plaza de Mayo, which reunites biological grandparents with people snatched as babies in prisons and torture centres by the 1976-83 military junta. In August 2014, she was reunited with her grandson Ignacio in one of the most emotional scenes of Argentina's recent history.",,,Argentina,2015,"642,464",14895.316,"65,75380153","0,734",,,"0,84"
13,3PK,Leimin Duong,28.0,@LeiminDuong,#100women,Entrepreneur,"Leimin established Zeven Lemon Beerworks with no prior industry experience and is on a mission to bring fresh perspective into the beer world, with fruity beers that ""defy convention"". The company’s strawberry-flavoured brew has a wide distribution network across Australia. Leimin appears in our '30 under 30' strand.",,,Australia,2015,"1234,821",51483.951,"83,08534588","0,733","17,2","26,7","0,938"
14,3Ui,Ella Ingram,21.0,@e__ingram,#mentalhealth #HRA2016 #mental,Campaigner,"Ella is challenging an $18.5-billion insurance giant over its decision to reject her travel insurance claim after she was hospitalised at the age of 17 with depression. Her case, an Australian-first, will have ramifications for thousands of others as it tests the lawfulness of discrimination on the grounds of mental illness.",,,Australia,2015,"1234,821",51483.951,"83,08534588","0,733","17,2","26,7","0,938"
15,3ZE,Nikita Ridgeway,29.0,@NikitaRidgeway,#GoRabbitohs #IndigenousJersey ,Entrepreneur,"Nikita is the founder and CEO of Dreamtime Ink Australia, the only company specialising in Aboriginal tattoos. She is also the owner of Boss Lady Creative Design Agency which aims to provide Aboriginal designs at affordable prices. Nikita features in our '30 under 30' strand.",,,Australia,2015,"1234,821",51483.951,"83,08534588","0,733","17,2","26,7","0,938"
16,tDe,Antonia Albert,25.0,@_antoniaalbert,@careship_de #100Women,Entrepreneur,"Antonia co-founded Careship, an online marketplace for elderly care, with her brother Nikolaus earlier this year. After finding it difficult to find care for their ill grandmother, they wanted to give users straight-forward access to qualified and certified professionals. Antonia features in our '30 under 30' strand.",,,Austria,2015,"382,01",44267.796,"82,64889026","0,733","30,8","30,6","0,915"
17,3UJ,Bel Pesce,27.0,@belpesce,@TEDTalks ,Entrepreneur,Bel returned to Brazil to launch her own company after graduating from the Massachusetts Institute of Technology. FazINOVA is a business school offering free online courses. Bel features in our '30 under 30' strand.,,,Brazil,2015,"1800,046",8846.478,"70,80844133","0,686",,,"0,756"
18,Pbn,Lorrana Scarpioni,25.0,@loscarpioni,@WeBeliive #IntelChallenge,Entrepreneur,"The founder of Bliive, a sharing economy site which allows people to swap expertise rather than doing jobs for money. After a successful launch in Brazil, she is now expanding into Europe. Lorrana features in our '30 under 30' strand.",,,Brazil,2015,"1800,046",8846.478,"70,80844133","0,686",,,"0,756"
19,3Yq,Nicola Adams,32.0,@NicolaAdamsOBE,#NicolaAdams,Boxer,Nicola is the world’s first female boxing Olympic champion and is the current Commonwealth Games and European Games flyweight champion. She was awarded an MBE in 2013 for her services to boxing.,,,United Kingdom of Great Britain and Northern Ireland (the),2015,"2929,238",44989.063,"83,00145841","0,758","22,7","29,4","0,923"
20,EN9,Nicola Benedetti,28.0,@NickyBenedetti,#nicolabenedetti #LondonSymphonyOrchestra #nickybenedetti,Musician,"One of the most sought after violinists of her generation, Nicola is fiercely committed to music education and to developing young talent. She is an ambassador for Sistema Scotland’s Big Noise project and vice president of the National Children's Orchestra of Great Britain. She has also developed her own education initiative, The Benedetti Sessions.",,,United Kingdom of Great Britain and Northern Ireland (the),2015,"2929,238",44989.063,"83,00145841","0,758","22,7","29,4","0,923"
21,eXE,Claire Fox,55.0,@Fox_Claire,,Writer and broadcaster,"Claire is a writer, broadcaster and columnist. She is also the director of the Institute of Ideas, which she set up in order to challenge ""established orthodoxies"" and which organises public debates on controversial topics. Claire took part in our 'Is media failing women?' debate.",,,United Kingdom of Great Britain and Northern Ireland (the),2015,"2929,238",44989.063,"83,00145841","0,758","22,7","29,4","0,923"
22,3UN,Melanie Goldsmith,26.0,,@SmthandSnclr ,Entrepreneur,Melanie's alcoholic sweets are now sold in high-end London high street stores after she made them for a dating event. Her company Smith and Sinclair has created edible cocktails for more than 32 brands of alcohol. Melanie appears in our '30 under 30' strand.,,,United Kingdom of Great Britain and Northern Ireland (the),2015,"2929,238",44989.063,"83,00145841","0,758","22,7","29,4","0,923"
23,kBt,Alice Gray,23.0,@AliceJaneGray,,Blogger,"Alice Gray graduated from Cardiff University with a BSc in Neuroscience in 2013 and has been blogging ever since. Her blog, mind-ful.blogspot.co.uk, discusses issues which women face in science, technology, engineering and maths ('Stem' subjects). She aims to improve the number of women in the industry and has been involved in inquiries into Stem education in Wales.",,,United Kingdom of Great Britain and Northern Ireland (the),2015,"2929,238",44989.063,"83,00145841","0,758","22,7","29,4","0,923"
24,bTi,Michaela Hollywood,25.0,@KylaHollywood,,Fundraiser,"Michaela, who has the congenital muscle wasting condition Spinal Muscular Atrophy, has been recognised by the UK prime minister for her services to young disabled people. The student from County Down in Northern Ireland has raised more than £10,000 ($15,180) for charity, but has also encouraged hundreds of others to fundraise themselves.",,,United Kingdom of Great Britain and Northern Ireland (the),2015,"2929,238",44989.063,"83,00145841","0,758","22,7","29,4","0,923"
25,3Et,Dame Tina Lavender,49.0,@DameTina1,#studentmidwife ,Midwife,"Tina is one of the world's top experts in midwifery, specialising in the management of prolonged labour and the use of the partograph - a tool designed to help midwives monitor births. She acts as an advisor to the World Health Organisation and developed a board game designed to increase the use of the tool in Africa. Tina features in our coverage focusing on nursing across the world.",,,United Kingdom of Great Britain and Northern Ireland (the),2015,"2929,238",44989.063,"83,00145841","0,758","22,7","29,4","0,923"
26,Xgf,Jessy McCabe,17.0,@jessy_mccabe,,Schoolgirl,"Jessy is in her final year of school and is currently studying for her A Levels in music, maths and history. After realising she was not studying even one female composer as part of her music A Level, she successfully petitioned the largest exam board in the UK to change the syllabus.",,,United Kingdom of Great Britain and Northern Ireland (the),2015,"2929,238",44989.063,"83,00145841","0,758","22,7","29,4","0,923"
27,bPW,Jenni Rhodes,83.0,,#HappyHapp2014,Textile designer,"Jenni is a recently retired model, former actress and fashion designer, and is still working hard. At an age when many people are in comfortable retirement, she has started a new career as a textile designer. Jenni features in our 'Vintage ladies' strand.",,,United Kingdom of Great Britain and Northern Ireland (the),2015,"2929,238",44989.063,"83,00145841","0,758","22,7","29,4","0,923"
28,CqU,Baroness Patricia Scotland,60.0,,,Trade envoy,"Patricia is a British barrister and former UK attorney general. She was appointed Britain’s first black female Queen’s Counsel in 1991, is currently Britain’s trade envoy to South Africa and is the founder of the Corporate Alliance Against Domestic Violence.",,,United Kingdom of Great Britain and Northern Ireland (the),2015,"2929,238",44989.063,"83,00145841","0,758","22,7","29,4","0,923"
29,9pu,Sophie Walker,44.0,@SophieRunning,,Women's Equality Party leader,"Sophie is the leader of the Women’s Equality Party, a new collaborative force in British politics, which believes women should enjoy the same rights and opportunities as men. She worked as an international news agency journalist for nearly 20 years and is also an ambassador for the National Autistic Society, campaigning for better support and understanding of autism, particularly in women and girls.",,,United Kingdom of Great Britain and Northern Ireland (the),2015,"2929,238",44989.063,"83,00145841","0,758","22,7","29,4","0,923"
30,EEK,Alimata Bara,24.0,,,Trader,"Alimata is from Beguedo, a small village in Eastern Burkina Faso, and is married to an economic migrant working in Italy. Since their marriage in 2009, her husband has only returned twice. She thought marrying a migrant would allow her to escape the hardships of rural life, and that she would join him abroad, but instead she spends her time waiting and looking after their two children.",,,Burkina Faso,2015,"11,833",653.393,"77,32519126","0,651",,,"0,422"
31,36n,Tin Tin Yu,89.0,,,Retired teacher,Tin Tin is a former English teacher in several Burmese state schools and the American International School in Yangon. She opened her own kindergarten after she retired. She is a keen athlete and sports fan who almost never misses a Manchester United match. Tin Tin features in our 'Vintage ladies' strand.,,,Myanmar,2015,"62,655",1223.742,"64,23086696",,,,"0,557"
32,PfD,Cristina Randall,29.0,,#CristinaRandall #Startupgrind,Entrepreneur,"Cristina moved from Canada to Mexico and founded Conekta, an online payment system. It is designed to allow businesses that normally lack access to the usual commercial channels, such as outdoor markets, to move their transactions online. Cristina features in our '30 under 30' strand.",,,Canada,2015,"1556,508",43626.47,"86,28757994","0,74","30,8",26,"0,921"
33,hVf,Marie-Ange Zimndou Koutou,42.0,,,Nurse's aide,"Marie-Ange has been working in the paediatrics department of a hospital run by Medecins Sans Frontieres in rural Kabo for the last nine years. Health workers are scarce in CAR, and having had just three months of training Marie-Ange does much of the work a fully qualified nurse would do elsewhere in the world. Marie-Ange features in our coverage focusing on nursing across the world.",,,Central African Republic (the),2015,"1,696",377.476,"79,52339387",,,,"0,375"
34,m8K,Paula Escobar,47.0,@paulaescobarch,,Magazine editor,"Paula has been changing the way women are portrayed in the local media by clamping down on Photoshop manipulation. Paula was named a Young Global Leader by the World Economic Forum in 2006, and oversees six weekly magazines. Paula took part in our 'Is media failing women?' debate.",,,Chile,2015,"243,907",13571.923,"67,05945585","0,698","34,8","15,8","0,842"
35,39e,Zihan Ling,28.0,@zihan_ling,#100womenwiki,Entrepreneur,"Zihan is the founder and CEO of TechBase, the first tech accelerator for women-led start-ups in China. She is keen to improve gender equality in the technology industry and has initiated the first Lean In tech mentorship programme in China. Zihan appears in our '30 under 30' strand.",,,China,2015,"11113,528",8084.8,"81,05481498","0,682",,,"0,739"
36,39Z,Li Tingting,26.0,,,Campaigner,"Li was detained earlier this year and is still on probation. She has staged many high-profile campaigns, including parading the streets in a wedding dress splashed with fake blood to increase awareness of domestic violence. In April she and her gay partner held an unofficial wedding ceremony even though gay marriage is prohibited in China.",,,China,2015,"11113,528",8084.8,"81,05481498","0,682",,,"0,739"
37,q5f,Xian Xu,28.0,,,Entrepreneur,"Xian co-founded Cuisines Sous Vide restaurant chain in China in March 2015, in a bid to tap into the lifestyle tastes of young middle class Chinese. The chain utilises the sous vide method of cooking, a popular restaurant technique that involves cooking food slowly in airtight plastic bags at very low temperatures. Xian appears in our '30 under 30' strand.",,,China,2015,"11113,528",8084.8,"81,05481498","0,682",,,"0,739"
38,wPw,Naomi Bya’Ombe,15.0,,,Schoolgirl,"Naomi lives in Kinshasa, DRC, and likes singing and dancing. Naomi is the fifth child out of seven and also lives with two of her cousins. She is currently finishing secondary school and sings in the church choir every Sunday. Naomi appears in our 'Good girl' film-makers strand.",,,Congo (the Democratic Republic of the),2015,"37,915",435.979,"91,48936669",,,,"0,464"
39,3RA,Nawal el-Sadaawi,85.0,,#elsaddaawi,Writer,"A world-renowned author of more than 40 books, and a passionate advocate of women's rights in her homeland, her books have been highly influential for Egyptian women. Her controversial work Women and Sex, which was banned in Egypt for nearly two decades, raised awareness of female sexuality and female genital mutilation. Nawal features in our 'Vintage ladies' strand.",,,Egypt,2015,"332,075",3731.177,"30,61085613","0,599",,,"0,691"
40,4bG,Elissa Freiha,25.0,@freihahaha,#Elissa_Freiha,Entrepreneur,Elissa is the co-founder of WOMENA which aims to empower women to invest in tech start-ups based in the Middle East. She was recently named as one of Forbes' Middle East's Inspiring Business Leaders of the UAE. Elissa appears in our '30 under 30' strand.,,,United Arab Emirates (the),2015,"358,135",37380.571,"53,44955028","0,646",,,"0,859"
41,3G6,Misraa Jimaa,,,,Health extension worker,"Misraa received a year's training in preventative health care and now works in a local community. She helps educate local people about health issues, family planning, vaccinations and nutrition, and works particularly with mothers and young children. Misraa features in our coverage focusing on nursing across the world.",,,Ethiopia,2015,"63,081",702.767,"84,22563969","0,64",,,"0,462"
42,SiD,Xyza Bacani,28.0,@XyzaCruzBacani,,Photographer,"Having worked as a domestic worker in Hong Kong for almost a decade, Xyza tells the stories of the victims of human rights violations through photography. She is one of the Magnum Foundation Human Rights Fellows 2015 and is currently based in New York.",,,Philippines (the),2015,"306,446",3039.234,"65,46179179","0,79",,,"0,701"
43,6eJ,Elsa Prieto,27.0,,@pilipop #30under30,Entrepreneur,"Technical director and co-founder of Pili Pop, a language learning app for children focused on oral skills and total immersion. Pili Pop English has been downloaded more than 500,000 times and the company has just released Pili Pop Español for learning Spanish. Elsa appears in our '30 under 30' strand.",,,France,2015,"2439,436",37937.861,"83,71249408","0,761",50,"26,2","0,895"
44,yyz,Meryl Benitah,26.0,@MerylBENITAH,@La_BQC,Entrepreneur,"Meryl set up La Boite Qui Cartonne, a decluttering service, after studying at the Sorbonne. The company delivers boxes to be packed by the customer which are then taken away and stored, to be re-delivered at any time. Meryl features in our '30 under 30' strand.",,,France,2015,"2439,436",37937.861,"83,71249408","0,761",50,"26,2","0,895"
45,E44,Aissa Edon,33.0,,#aïssaedon #AissaEdon #100women,Midwife,"Aissa is a midwife who specialises in dealing with female genital mutilation (FGM). Born in Mali but raised in France, she was subjected to FGM as a child. She currently works in London helping women who may have problems during pregnancy and giving birth as a result of FGM. Aissa features in our coverage focusing on nursing across the world.",,,France,2015,"2439,436",37937.861,"83,71249408","0,761",50,"26,2","0,895"
46,PEx,Fatou Bensouda,54.0,,#FatouBensouda ,"Chief Prosecutor, ICC","The chief prosecutor of the International Criminal Court (ICC) in the Hague, she is the first African to hold a top post at the ICC. She previously served as a civil servant in the Gambian government, and is the recipient of many awards for her work in criminal law. Fatou features in our '100 Women interviews' strand.",,,Gambia (the),2015,"1,355",649.511,"74,61697639","0,674",,,"0,471"
47,P2B,Uta Frith,74.0,@utafrith,,Psychologist,Uta is Emeritus Professor of Cognitive Development at University College London. She is best-known for her work on autism and dyslexia and is currently chairwoman of the Royal Society’s Diversity Committee.,,,Germany,2015,"3357,926",41107.222,"82,20877671","0,779","33,3","36,5","0,938"
48,32o,Jana Tepe,29.0,@JanaTepe,#GDWxBertelsmannStiftung,Entrepreneur,"Jana is founder and CEO of Tandemploy, a job-sharing platform. It is designed to allow people interested in job sharing to find their counterparts and get in touch with companies offering job sharing opportunities. Jana appears in our '30 under 30' strand.",,,Germany,2015,"3357,926",41107.222,"82,20877671","0,779","33,3","36,5","0,938"
49,Rhu,Ernestina Edem Appiah,38.0,,,Social entrepreneur,"Ernestina (Tina) is the founder of the Ghana Code Club, which works to equip Ghanaian children between the ages of 8 and 14 years with coding skills. She wants to launch Ghana Code Club in most, if not all, basic schools in Ghana.",,,Ghana,2015,"48,595",1753.851,"87,64835651","0,704",,,"0,59"
50,CzF,Sara Jane Ho,29.0,@sarajaneho,#Businesswoman,Entrepreneur,"Sara Jane founded Institute Sarita which runs two etiquette schools in China teaching the importance of manners and etiquette in Chinese culture, especially in the business world. She plans to expand her brand into a lifestyle network. Sara Jane features in our '30 under 30' strand.",,,Hong Kong,2015,"309,386",42325.352,"79,20315691",,,,"0,93"
51,vBN,Michelle Sun,28.0,@michellelsun,,Entrepreneur,"After a stint in Silicon Valley, Michelle returned home to Hong Kong to found First Code Academy which introduces coding and computer programming into schools. The academy also provides courses on computer literacy for young children. Michelle features in our '30 under 30' strand.",,,Hong Kong,2015,"309,386",42325.352,"79,20315691",,,,"0,93"
52,vhF,Asha Bhosle,82.0,@ashabhosle,,Singer,"A singing legend who started working in Bollywood in 1943, Asha features in the Guinness Book of Records as the most recorded artist in music history. As a playback singer, she has recorded songs to be mimed in 1,000 films by hundreds of actresses.",,,India,2015,"2103,588",1605.605,"27,91085052","0,664",,,"0,624"
53,4Cf,Kamini Kaushal,88.0,,#KaminiKaushal,Former Bollywood actress,"The Vivienne Leigh of her generation in Bollywood, Kamini has acted in more than 100 films. She was the leading actress in Neecha Nagar which won best film in Cannes in 1946 - the first Indian film to do so. Kamini features in our 'Vintage ladies' strand.",,,India,2015,"2103,588",1605.605,"27,91085052","0,664",,,"0,624"
54,FuQ,Rimppi Kumari,32.0,,#100women,Farmer,"Rimppi Kumari is a farmer who, along with her sister Karamjit, took over a 32-acre farm in Rajasthan after their father died. She is the boss, while her older brother, who is married with children, takes a back seat role.",,,India,2015,"2103,588",1605.605,"27,91085052","0,664",,,"0,624"
55,6cN,Sania Mirza,28.0,@MirzaSania,#Tennis #saniamirza,Tennis player,Sania is currently ranked the world's women's doubles number one. She is one of India's most successful tennis players and in 2015 was both the Wimbledon and US Open women's doubles champion. Sania features in our '100 Women interviews' strand.,,,India,2015,"2103,588",1605.605,"27,91085052","0,664",,,"0,624"
56,3Tz,Smriti Nagpal,25.0,@smriti_nagpal,#IndiaForWomen,Entrepreneur,"Smriti was inspired by her work as a sign language interpreter in India, which has the largest deaf population in the world, to set up Atulyakala. The organisation sells products like bags, mugs, wallets and journals by deaf designers. Smriti features in our '30 under 30' strand.",,,India,2015,"2103,588",1605.605,"27,91085052","0,664",,,"0,624"
57,8wE,Mumtaz Shaikh,33.0,,#GivingTuesdayIndia,Campaigner,"After decades of women being charged to use urinals in India, despite the fact they are free for men, she succeeded in providing free facilities for women through the Right to Pee network. She ensured 96 toilets were free for women to use in Mumbai and made the government set aside 50 million rupees ($770) to build female-only urinals around the city.",,,India,2015,"2103,588",1605.605,"27,91085052","0,664",,,"0,624"
58,3JS,Kanika Tekriwal,27.0,,#kanikatekriwal @jetsetgoin #aviation,Entrepreneur,"After being diagnosed with cancer in her early 20s, Kanika was determined to make her mark. She established India’s first and only marketplace for private jet and helicopter charters. Kanika features in our '30 under 30' strand.",,,India,2015,"2103,588",1605.605,"27,91085052","0,664",,,"0,624"
59,dEt,Niloufar Ardalan,30.0,,#NiloufarArdalan,Footballer,"Niloufar is the captain of Iran's women’s football team. Known locally as Lady Goal, she became a somewhat reluctant feminist icon after her husband refused to allow her to travel abroad for a tournament.",,,Iran (Islamic Republic of),2015,"375,404",4723.476,"21,21429614","0,58",,,"0,774"
60,3CS,Masoumeh Ataei,31.0,,#MasoumehAtaei #AcidVictim,Acid attack survivor,"Blinded and scarred for life after suffering an acid attack at the hands of her ex father-in-law, she then fought for custody of her young son, which was to have been awarded to the family who blinded her. She eventually won her battle and now campaigns on the issue of acid attacks.",,,Iran (Islamic Republic of),2015,"375,404",4723.476,"21,21429614","0,58",,,"0,774"
61,3rL,Monir Farmanfarmaian,91.0,,#womensart #IranianWomen,Artist,"Monir is a contemporary artist who has been making intricate geometric sculptures and works on paper for the last 40 years. She spent 26 years in exile in the US as a result of the 1970s Islamic Revolution, returning to Tehran in 2004.",,,Iran (Islamic Republic of),2015,"375,404",4723.476,"21,21429614","0,58",,,"0,774"
62,3Qs,Nareen Shammo,28.0,@NareenShammo,#EMAGA2019,Activist/journalist,"Nareen has dedicated herself to trying to free Yazidi slave women captured by so-called Islamic State militants. The former journalist has saved hundreds of women of the Yazidi population - an ethno-religious group - who were raped, sold on slavery markets and forced to convert to Islam.",,,Iraq,2015,"177,722",5047.118,"19,0895551",,,,"0,649"
63,AhL,Rivka Carmi,67.0,,#WomenInStem #Israel,Geneticist,"Professor Rivka Carmi is president of Ben-Gurion University of the Negev, the first female president of an Israeli research university. A world-renowned geneticist and a pediatrician by training, she began the study of genetic diseases in the Bedouin community, which has led to a drastic reduction in infant mortality rates.",,,Israel,2015,"300,123",35828.169,"84,86548679","0,712","18,2","26,7","0,91"
64,DJ7,Louise Schwartz,87.0,,,Former showgirl,"Louise is a former bar owner who partied with her next door neighbour Hugh Hefner and ran a popular bar in the 1980s open to both gay and straight patrons - unusual for that time in Jamaica. Now in her late 80s, she struggles to make ends meet but still refuses to call it a night. Louise features in our 'Vintage ladies' strand.",,,Jamaica,2015,"14,153",5193.26,"80,18736181","0,703",,,"0,731"
65,3X3,Linda Kwamboka,27.0,@kwambokalinda,#globalag #agripreneurship,Entrepreneur,"Linda co-founded MFarm Ltd which aims to empower farmers both in Kenya and around the globe. The company provides farmers with a transparency tool which gives them up-to-date market information, aggregates farmers' needs and orders, and connects them so they can sell collectively. Linda appears in our '30 under 30' strand.",,,Kenya,2015,"64,235",1483.484,"91,0443891","0,719",,,"0,587"
66,3JK,Catherine Mahugu,27.0,@catherinemahugu,#Entrepreneur #OYW2019,Entrepreneur,"The founder of Soko, an e-commerce platform which allows local artisans to sell handcrafted jewellery directly to the consumer. Her aim is to promote direct trade between African designers and customers worldwide. Catherine features in our '30 under 30' strand.",,,Kenya,2015,"64,235",1483.484,"91,0443891","0,719",,,"0,587"
67,3Xy,Jana el-Hassan,30.0,@Janaelhassan,,Novelist,"An emerging young voice from the Middle East, Jana shook off the constraints of her rural background to publish her first novel Forbidden Desires in 2009 and won the local Simon Hayek Prize. Both of her later novels were shortlisted for the International Prize for Arab Fiction in 2013 and 2015. Her work is being translated into English and Italian.",,,Lebanon,2015,"49,939",7644.545,"31,58928345","0,598",,,"0,744"
68,iEi,Eveles Chimala,29.0,,#100Women #midwife,Midwife,"After working in one of the busiest hospitals in Malawi, Eveles decided to go back to studying to help her country tackle its high maternal mortality rate. She studies the partograph - a tool designed to help midwives in under-resourced hospitals in Africa monitor women as they give birth. Eveles features in our coverage focusing on nursing across the world.",,,Malawi,2015,"6,402",353.507,"88,37124721","0,701",,,"0,468"
69,VFu,Paulina Arreola,24.0,@pauarreola,#paulinaarreola,Entrepreneur,"Paulina is CEO and co-founder of Lavadero in Mexico City, which collects dirty washing. The company either washes or dry cleans the items before delivering them back to the customer. Paulina features in our '30 under 30' strand.",,,Mexico,2015,"1171,87",9616.666,"55,53867593","0,699","17,6","42,4","0,766"
70,PFu,Alina Gracheva,45.0,,,Camerawoman,"Alina found herself in a very male-dominated environment when she started her career as a camerawoman 15 years ago. She has covered Chechnya, Afghanistan, Iraq and the Beslan school siege, and now works for Al-Jazeera.",,,Moldova (the Republic of),2015,"7,726",2715.782,"87,32543784","0,742",,,"0,736"
71,7RS,Rabia Salihu Said,52.0,@rabia_phy,,Physicist,"Rabia is a physicist who has been involved for the last 30 years with national and local projects which encourage young people to enter the field of science. A mother of six, she received the Elsevier award in 2015 for her work on climate and deforestation.",,,Nigeria,2015,"492,437",2718.586,"82,92310066","0,638",,,"0,526"
72,Fa9,Ayesha Ishtiaq,17.0,,#AyeshaIshtiaq,Schoolgirl,Ayesha is a Year 12 student from Islamabad who is passionate about tackling the sexism she sees in her society. She conducts feminist and human rights talks with friends and plans to study journalism or women's studies in the US before returning to Pakistan to help others. Ayesha appears in our 'Good girl' film-makers strand.,,,Pakistan,2015,"270,17",1422.923,"29,51874313","0,559",,,"0,536"
73,4Vm,Muniba Mazari,28.0,@muniba_mazari,#MunibaMazari,Artist and anchorwoman,"Muniba, who lost the use of her legs in a car accident seven and a half years ago, is Pakistan's first wheelchair-bound model and the first wheelchair-bound anchor working for the country’s state channel. She began painting while still in hospital and hopes to spread the message of hope through her work.",,,Pakistan,2015,"270,17",1422.923,"29,51874313","0,559",,,"0,536"
74,jTu,Azza Jadalla,27.0,,,Nurse,"Azza is one of the youngest heads of a hospital ward in Gaza City's Shifa practice. The daily challenges of life in Gaza, including electricity cuts and chronic shortages, make her job in the haematology ward especially tough. Azza features in our coverage focusing on nursing across the world.",,,"Palestine, State of",2015,"13,972",1373.0,"25,46979006",,,,"0,701"
75,jMe,Rasha Shehada,29.0,,#BBC,Manufacturing director,"The managing director of Diamond Line FZE, a family-owned hotel equipment supplies business in the UAE. The company started specialising in hotel supplies and now also has a manufacturing plant which produces chafing fuels which can be burned in small canisters and used for heating food. Rasha features in our '30 under 30' strand.",,,"Palestine, State of",2015,"13,972",1373.0,"25,46979006",,,,"0,701"
76,GJD,Zuzanna Stanska,27.0,@zstanska,#BBC #dailyart,Entrepreneur,"Zuzanna runs a creative consultancy for cultural institutions and museums that allows visitors to interact with the art on display via a mobile app. She is also the creator of another app, DailyArt, which gives the user a chance to learn about one art masterpiece a day. Zuzanna features in our '30 under 30' strand.",,,Poland,2015,"477,582",12566.085,"74,84266643","0,715","27,8","27,4","0,863"
77,TGs,Irina Polyakova,54.0,,,Paralympian,"Three-times world champion in skiing, including gold medal winner at the Winter Paralympics in 2006 for the cross-country event. Irina is also a medal winner for swimming, biathlon and arm wrestling, and works as a coach.",,,Russian Federation (the),2015,"1356,703",9257.93,"77,89163861","0,694",,,"0,809"
78,eFt,Lubov Russkina,22.0,,#100Women,Nomad,"Lubov lives in Surgut, Siberia, and is part of a reindeer nomad tribe that has been in the area since ancient times. Lubov is now facing a common decision that many young girls in her tribe have to confront - to stay as a nomad or to leave for a more urban life. Lubov appears in our 'Good girl' film-makers strand.",,,Russian Federation (the),2015,"1356,703",9257.93,"77,89163861","0,694",,,"0,809"
79,3JU,Somayya Jabarti,44.0,,#SaudiGazette #somayya_jabarti,Newspaper editor,"Somayya leads the Saudi Gazette, a Jeddah-based English daily, as Saudi Arabia's first ever female editor in chief. It is rare for female journalists to be promoted to such a public position in Saudi Arabia. When she took the job, she said that ""there's a crack that has been made in the glass ceiling. And I'm hoping it will be made into a door"". Somayya took part in our 'Is media failing women?' debate.",,,Saudi Arabia,2015,"654,27",21063.307,"27,93562869","0,605",,,"0,859"
80,9fv,Rotana Tarabzouni,26.0,,#rotanatarabzouni,Singer/songwriter,"Rotana came to international prominence two years ago when she leant her voice to the Women's Driving Campaign in Saudi Arabia. Currently living in LA, she sings about the challenges back in Saudi, and the Arab world generally, and is planning to soon go home to face up to her critics.",,,Saudi Arabia,2015,"654,27",21063.307,"27,93562869","0,605",,,"0,859"
81,Ebu,Nemata Majeks-Walker,68.0,,#100women #100women #SierraLeone ,Activist,"In 2001, Nemata founded the 50/50 Group of Sierra Leone which encourages and empowers the country’s women to participate in politics. The organisation became the first African group to win the coveted Madeleine Albright Award, in 2007.",,,Sierra Leone,2015,"4,252",592.903,"96,15773715",,,,"0,431"
82,3J4,Pauline Ng,29.0,@paulineng,,Entrepreneur,Pauline teamed up with her mother in 2009 to set up an award-winning facial spa called Porcelain. It encourages customers to stop wearing foundation so their skin can breathe. Pauline appears in our '30 under 30' strand.,,,Singapore,2015,"307,999",55645.607,"78,84324498","0,711",,,"0,931"
83,ELY,Lizanne Teo,24.0,,#LizanneTeo,Entrepreneurs,"Lizanne is the co-founder of Upsurge, an events company specialising in rock concerts. Upsurge handles every aspect of the business, from logistics and operations to production and public relations, despite being a start-up with limited financial resources. Lizanne appears in our '30 under 30' strand.",,,Singapore,2015,"307,999",55645.607,"78,84324498","0,711",,,"0,931"
84,3P5,Nkosazana Dlamini-Zuma,66.0,@DlaminiZuma,#TobaccoBan,"Chair, African Union Commission","A trained medical doctor, Nkosazana is the chairwoman of the African Union Commission based in Addis Ababa, Ethiopia. Initially an ANC activist who spent some of the apartheid years in exile, she went on to enter politics, joining the AU in 2012 and is the first woman to head the organisation.",,,South Africa,2015,"317,578",5731.725,"77,69956967","0,759",,,"0,701"
85,Eer,Lt Cdr Zimasa Mabela,38.0,,#WomenMeanBusiness,Naval captain,"Zimasa grew up in the rural Eastern Cape of South Africa and did not see the sea until she was 18 years old. Inspired by a navy presentation at university, she applied for and won her first job as a radio control official in 1999. She lives in Cape Town.",,,South Africa,2015,"317,578",5731.725,"77,69956967","0,759",,,"0,701"
86,pR3,Karabo Mathang,28.0,,#KaraboMathang,Entrepreneur,Karabo is South Africa's first female Fifa-accredited soccer agent. She founded P Management to scout for amateur talents and help them to win professional contracts. Karabo features in our '30 under 30' strand.,,,South Africa,2015,"317,578",5731.725,"77,69956967","0,759",,,"0,701"
87,qTv,Verashni Pillay,31.0,@verashni,,Newspaper editor,"Verashni is editor in chief of the Mail & Guardian, South Africa's premier independent investigative publication. She has also received the CNN African Journalism Award, a Standard Bank Sikuvile Award and an Open Society Foundation journalism fellowship. Verashni took part in our 'Is media failing women?' debate.",,,South Africa,2015,"317,578",5731.725,"77,69956967","0,759",,,"0,701"
88,ESQ,Claire Reid,29.0,,#womenmeanbusiness,Entrepreneur,Claire designed Reel Gardening in a bid to simplify gardening. The company provides biodegradable strips which anchor the seeds at the correct depth and distance apart and so just need to be planted and watered. Claire appears in our '30 under 30' strand.,,,South Africa,2015,"317,578",5731.725,"77,69956967","0,759",,,"0,701"
89,kyg,Alek Wek,38.0,,#alekwek,Model/UN ambassador,"One of the world’s most recognisable models, Alek grew up during the Second Sudanese civil war before her family sought refuge in Britain in the 1990s. She pursued a career in modelling and quickly rose to the top of her profession. As UN goodwill ambassador she makes regular trips to South Sudan's refugee camps. Alek features in our '100 Women interviews' strand.",,,Sudan (the),2015,"65,266",1698.077,"41,27075801",,,,"0,504"
90,huB,Emi Mahmoud,22.0,@EmiThePoet,#WorldRefugeeDay,Poet,"A poet and activist originating from Darfur, Emi Mahmoud is the reigning World Poetry Slam Champion of 2015. Emi is in her final year at Yale University studying anthropology and molecular biology. Her goal is to alleviate structural disparities in maternal and child health and to empower women across the world through poetry and the power of voice.",,,Sudan (the),2015,"65,266",1698.077,"41,27075801",,,,"0,504"
91,6tk,Katrine Marcal,32.0,@katrinemarcal,#feministeconomics,Economist,"Katrine is the author of Who Cooked Adam Smith's Dinner?, a feminist view of economics, shortlisted for the August Prize and the winner of the Lagercrantzen Award. She is also the lead editorial writer for the Swedish newspaper Aftonbladet.",,,Sweden,2015,"505,104",51274.278,"90,11135858","0,823","52,2","43,6","0,938"
92,38V,Muzzon al-Mellehan,17.0,,#100women,Campaigner,"Muzzon fled with her parents and three younger siblings to Jordan in 2013, and lives in al-Azraq refugee camp. She has been dubbed the 'Malala of Syria' for her campaign to keep Syrian girls like her in the camp’s makeshift school, rather than being married off.",,,Syrian Arab Republic,2015,14,1061.0,"19,30444222","0,568",,,"0,537"
93,xpk,Siba Alaradi,27.0,,#100women #Syria,"Structural engineer, now volunteer","Siba and her family fled from war-torn Damascus to Istanbul. She often felt lonely and disheartened until she heard about a community centre in Istanbul for people displaced by the war in Syria. Working with the children there has given Siba, a structural engineer who graduated from Damascus University, an opportunity to give something back and be part of a diverse and supportive community.",,,Syrian Arab Republic,2015,14,1061.0,"19,30444222","0,568",,,"0,537"
94,WZp,Nour,,,,Refugee,"One of three sisters who have lived in Raqqa, Syria, all of their lives, including during its recent rule by the so-called Islamic State. Nour (not her real name) escaped Raqqa in recent weeks, leaving her elder and younger sisters behind, and has explained to us about the pressures on girls under the extremist group’s rule. Nour appears in our 'Good girl' film-makers strand.",,,Syrian Arab Republic,2015,14,1061.0,"19,30444222","0,568",,,"0,537"
95,Qst,Sana Ben Ashour,60.0,,,Civil society activist,"Sana founded women's shelter BEITY (Arabic for My Home) in 2012, motivated by the need for justice and equality for women in her society. It is a unique association in Tunisia that helps single mothers and other women in need, including victims of poverty and domestic violence.",,,Tunisia,2015,"43,172",3829.495,"37,18281529","0,634",,,"0,729"
96,3VP,Amina Sboui,21.0,,#Sboui,Writer and activist,"Amina made headlines in 2013 by publishing a topless photograph of herself on Facebook with “my body belongs to me and is not the source of anyone’s honour” written across her torso. After being jailed for feminist graffiti Amina went to Paris to study. She has recently returned to Tunisia, where she edits and publishes a feminist magazine.",,,Tunisia,2015,"43,172",3829.495,"37,18281529","0,634",,,"0,729"
97,aN2,Victoria Alonsoperez,28.0,@vic_alonsoperez,#BBC @TheIET,Entrepreneur,"After studying space engineering she became one of the founders of ieeTECH, which looks for engineering solutions to agricultural problems. The company uses satellites to monitor tagged cattle so farmers can track livestock and detect signs of disease. Victoria appears in our '30 under 30' strand.",,,Uruguay,2015,"53,275",15365.956,"74,15192635","0,679",,,"0,806"
98,uoh,Massiel Chávez,15.0,,,Schoolgirl,"Massiel wants to be a vet when she is older and is a keen user of social media. Now that she is 15 - traditionally considered the start of adulthood in Latin America - she is excited she will be allowed to paint her nails, wear make-up, and, she hopes, go out to parties alone. Massiel appears in our 'Good girl' film-makers strand.",,,Venezuela (Bolivarian Republic of),2015,"323,595",10568.1,"63,78147299","0,691",,,"0,769"
99,q58,Neyda Rojas,52.0,,,Nun,"Venezuela has some of the most understaffed, under-resourced and overcrowded jails in the world, and Neyda has been visiting them for 17 years. She is known as ‘the white drop’ - a reference to her nun’s habit. In addition to teaching history and maths to the inmates, she has been involved in kidnapping mediation, delivering babies, and helping the sick.",,,Venezuela (Bolivarian Republic of),2015,"323,595",10568.1,"63,78147299","0,691",,,"0,769"
100,3GM,Precious Adams,25.0,,,Ballet dancer,"Precious Adams spent so much time dancing round the living room as a child, that her mum signed her up for dance lessons. She trained at several top ballet schools, including the National Ballet School of Canada, the Princess Grace Academy in Monaco and the Bolshoi Ballet Academy in Moscow.",https://c.files.bbci.co.uk/16690/production/_109129719_precious_adams_300.jpg,creativity,United States of America (the),2019,"21433,225",65253.518,"82,75258981","0,724","21,7",50,"0,926"
101,3JB,Parveena Ahanger,59.0,,#StandWithKashmir #100Women #FreeKashmir,Human rights activist,"Parveena is known as the ""Iron lady of Kashmir"". Her teenage son disappeared in 1990, at the height of an uprising against Indian rule in Kashmir. ",https://c.files.bbci.co.uk/31F8/production/_109129721_parveena_ahangar_300.jpg,identity,India,2019,"2868,93",2097.782,"27,38409038","0,668",,25,"0,645"
102,3Ma,Piera Aiello,52.0,@aiello_piera,#PieraAiello #Mafia #antimafianewmedia,Politician,"Known as Italy's ""ghost"" politician, Piera Aiello ran for office with her face covered by a veil due to threats from the mafia. In 2018, after winning her seat as an anti-mafia candidate, she finally revealed her face to the public.",https://c.files.bbci.co.uk/C066/production/_109145294_piera_aiello_300.jpg,identity,Italy,2019,"2001,466",33159.068,"69,39742507","0,707","27,8",0,"0,892"
103,hGA,Jasmin Akter,18.0,@Jazz_Akter,#inspiringwomen #sport #WomensSports #WomensCricket #BBC100,Cricketer,"Jasmin is Rohingya, described by the UN as one of the most persecuted minorities in the world. She was born in a refugee camp in Bangladesh just after her father died.",https://c.files.bbci.co.uk/D814/production/_109161355_jasmin_akter_300.jpg,sport,Bangladesh,2019,"302,525",1816.035,"44,62028951","0,726",,25,"0,632"
104,WfV,Manal AlDowayan,46.0,@ManalAlDowayan,#UN_Women @BBC100women #ManalAldowayan,Artist,"Contemporary artist Manal AlDowayan's work explores invisibility, archives, memory and the representation of women in her country. From black and white photographs of Saudi Arabia's female workforce, to a frozen flock of birds imprinted with the permission slip Saudi women require to travel. ",https://c.files.bbci.co.uk/1832A/production/_109141199_manal_aldowayan_300.jpg,creativity,Saudi Arabia,2019,"792,967",23266.486,"28,17961516","0,599",,25,"0,854"
105,bHT,Kimia Alizadeh,21.0,@ki_alizadeh,#KimiaAlizadeh #Olympics #Iran #Tokyo2020,Athlete,"In 2016, Kimia became the first Iranian woman to win a medal at the Olympics since the country began competing in 1948. As a taekwondo athlete, Kimia is credited with ""emboldening Iranian girls and women to push the boundaries of personal freedom"" by the UK's Financial Times newspaper.",https://c.files.bbci.co.uk/175C4/production/_109148659_kimia_alizadeh_300.jpg,sport,Iran (Islamic Republic of),2019,"583,698",7009.762,"24,30977363","0,584",,50,"0,783"
106,3BP,Alanoud Alsharekh,,@AAlsharekh,#AlAnoudAlSharekh #BBC100Women #100Women,Women's rights activist,"Dr Alanoud Alsharekh is a founding member of the Abolish 153 campaign, calling for Kuwait's ""honour-killing"" law to be scrapped.",https://c.files.bbci.co.uk/5908/production/_109129722_alanoud_alsharekh.jpg,leadership,Kuwait,2019,"135,387",28499.788,"56,80702994","0,65",,50,"0,806"
107,txT,Marwa Al-Sabouni,38.0,@marwa_alsabouni,@FestivalofIdeas @bbcworldservice,Architect,"When war broke out in architect Marwa Al-Sabouni's home city of Homs, Syria, she refused to leave.",https://c.files.bbci.co.uk/0AE8/production/_109129720_marwa_al_sabouni_300.jpg,creativity,Syrian Arab Republic,2019,,,"19,78760638","0,567",,50,"0,567"
108,36Q,Rida Al Tubuly,57.0,@RidaAltubuly,#WomenMediators,Peace campaigner,"Rida Al Tubuly is one of many women pushing for gender equality - but she's doing it from a warzone. Her organisation, Together We Build It, pushes for women's involvement in solving Libya's conflict.",https://c.files.bbci.co.uk/00D6/production/_109141200_rida_altubuly_300.jpg,identity,Libya,2019,"39,832",6055.464,"52,10663409",,,25,"0,724"
109,NwA,Tabata Amaral,26.0,@tabataamaralsp,,Congresswoman,"Tabata Amaral, one of Brazil's youngest congresswomen, came to national attention this year when a video of her grilling the country's education minister went viral. ",https://c.files.bbci.co.uk/9956/production/_109145293_tabata_amaral_300.jpg,leadership,Brazil,2019,"1839,077",8751.381,"74,09549601","0,691",,25,"0,765"
110,3Ft,Yalitza Aparicio,26.0,@YalitzaAparicio,,Actress/Human rights activist,"Yalitza Aparicio trained as a primary school teacher, but ended up being cast as the lead in Alfonso Cuarón's Oscar-winning film Roma after accompanying her sister to the audition.",https://c.files.bbci.co.uk/B72D/production/_109139864_yalitza_aparicio_300.jpg,creativity,Mexico,2019,"1258,206",9862.44,"58,07109577","0,754","42,1",25,"0,779"
111,5oH,Dayna Ash,,,#lebanesewomen @BBCWorld @BBCArabic,Cultural activist,"Born in Lebanon but raised in the US, poet Dayna Ash was shocked when she was advised to hide her sexuality on her return to Beirut at 16.",https://c.files.bbci.co.uk/27E6/production/_109141201_dayna_ash_300.jpg,creativity,Lebanon,2019,"52,522",7661.073,"32,0304922","0,599",,50,"0,744"
112,SvJ,Dina Asher-Smith,24.0,@dinaashersmith,#runningnetwork,Athlete,Dina is the fastest woman in British history and the first British woman to win a major global sprint title.,https://c.files.bbci.co.uk/1047C/production/_109148666_dina_asher_smith_300.jpg,sport,United Kingdom of Great Britain and Northern Ireland (the),2019,"2830,764",42378.606,"85,37624834","0,767","21,7",0,"0,932"
113,33m,MiMi Aung,51.0,,#WomenInSTEM @NASAPersevere,Project manager NASA,"NASA's MiMi Aung is responsible for a team designing a helicopter to fly on Mars. After travelling alone from Myanmar to the US to further her education at 16, MiMi is now project manager at the NASA Jet Propulsion Laboratory (JPL), California Institute of Technology.",https://c.files.bbci.co.uk/8018/production/_109129723_mimi_aung_300.jpg,knowledge,United States of America (the),2019,"21433,225",65253.518,"82,75258981","0,724","21,7",50,"0,926"
114,3ZL,Nisha Ayub,40.0,@NishaAyub1,#BBC @SEEDMalaysia #100Women #LGBT,Transgender activist,"At 21, trans woman Nisha Ayub was sentenced to three months in a male prison under a provision of Sharia law which prohibits ""a male person wearing women's attire or posing as a woman in a public space.” ",https://c.files.bbci.co.uk/A728/production/_109129724_nisha_ayub_300.jpg,identity,Malaysia,2019,"364,684",11193.016,"66,3092616","0,677",,50,"0,81"
115,s2Y,Judith Bakirya,50.0,,#Uganda #BBC100women #BBC100women,Farmer,"Raised on a farm in Uganda, Judith Bakirya became the first of her peers to win a scholarship to a prestigious girls' boarding school, going on to obtain a masters in the UK and a job in the City.",https://c.files.bbci.co.uk/CE38/production/_109129725_judith_bakirya_300.jpg,earth,Uganda,2019,"36,484",916.156,"91,21014283","0,717",,25,"0,544"
116,3Hw,Ayah Bdeir,37.0,@ayahbdeir,@littleBits ,Entrepreneur,"Branded as 21st Century building blocks, Ayah Bdeir's littleBits company makes kits of electronic blocks that snap together with magnets, allowing anyone to ""build, prototype, and invent"".",https://c.files.bbci.co.uk/F548/production/_109129726_aya_bdeir_300.jpg,creativity,Lebanon,2019,"52,522",7661.073,"32,0304922","0,599",,50,"0,744"
117,ZA2,Dhammananda Bhikkhuni,75.0,,#asianheritagemonth #inspirationalasian #InfluencialWomen #Buddhism #Feminism #ThaiFemaleMonk #Buddhism #Thailand,Monk,"Buddhism is Thailand's most common religion, with some 300,000 Buddhist monks. But female monks - known as bhikkhunis - aren't recognised, and are banned from being ordained on Thai soil.",https://c.files.bbci.co.uk/1A1C/production/_109148660_dhammananda_bhikkhuni_300.jpg,leadership,Thailand,2019,"543,564",7806.961,"78,07436724","0,708",,25,"0,777"
118,bKp,Mabel Bianco,78.0,@mabelbianco,#Women20,Doctor,"Feminist medical doctor Mabel Bianco has spent four decades putting women's health, reproductive rights, abortion, and HIV/AIDS on the public policy agenda in Argentina.",https://c.files.bbci.co.uk/4EF6/production/_109141202_mabel_bianco_300.jpg,leadership,Argentina,2019,"444,458",9890.314,"70,6092708","0,746",,0,"0,845"
119,34j,Raya Bidshahri,,@raya_bid,#100Women #BBC100Women @BBCWorld @BBC100women,Educator,"Raya is founder and CEO of the award-winning Awecademy, an organisation with a mission to use education to improve the world.",https://c.files.bbci.co.uk/14368/production/_109129728_raya_bidshahri_300.jpg,knowledge,Iran (Islamic Republic of),2019,"583,698",7009.762,"24,30977363","0,584",,50,"0,783"
120,Dnt,Katie Bouman,30.0,,#BlackHolePicture #OpenScience #WomenInSTEM,Scientist,Katie was a key leader on the team that developed algorithms and techniques to recover the first-ever image of a black hole.,https://c.files.bbci.co.uk/17389/production/_109131159_katie_bouman_300.jpg,knowledge,United States of America (the),2019,"21433,225",65253.518,"82,75258981","0,724","21,7",50,"0,926"
121,Wha,Sinéad Burke,29.0,@TheSineadBurke,#sineadburke #IWD2021,Disability activist,"After recounting not being able to reach the locks on toilet doors in a candid speech in 2017, Sinéad Burke quickly became one of the world's most influential disability activists. Calling for all design to be more accessible, she has challenged some of the biggest names in the fashion industry - including Anna Wintour - to make clothing more inclusive.",https://c.files.bbci.co.uk/683C/production/_109148662_sinead_burke_300.jpg,identity,Ireland,2019,"398,469",80504.404,"81,80497444","0,798","26,7",0,"0,955"
122,EQa,Lisa Campo-Engelstein,,@CampoEngelstein,#100women @BBC100women #bioethics #contraception ,Bioethicist,"Author of Contraceptive Justice: Why We Need a Male Pill, bioethicist Lisa Campo-Engelstein's work aims to improve women's lives through finding new methods of contraception.",https://c.files.bbci.co.uk/17E1/production/_109131160_lisa_campo_engelstein_300.jpg,knowledge,United States of America (the),2019,"21433,225",65253.518,"82,75258981","0,724","21,7",50,"0,926"
123,36x,Scarlett Curtis,24.0,@scarcurtis,,Writer/Campaigner,"Scarlett is co-founder of The Pink Protest, an online community of activists who supported the successful #FreePeriods campaign to get free menstrual products in schools in England.",https://c.files.bbci.co.uk/3EF1/production/_109131161_scarlett_curtis_300.jpg,creativity,United Kingdom of Great Britain and Northern Ireland (the),2019,"2830,764",42378.606,"85,37624834","0,767","21,7",0,"0,932"
124,vqY,Ella Daish,,@ella_daish,#EndPeriodPlastic #PlasticChallenge #EcoPeriodBox,Environmentalist,"Delivering post in rural Wales, Ella was shocked by the amount of discarded plastic on the streets.",https://c.files.bbci.co.uk/6601/production/_109131162_ella_daish_300.jpg,earth,United Kingdom of Great Britain and Northern Ireland (the),2019,"2830,764",42378.606,"85,37624834","0,767","21,7",0,"0,932"
125,unp,Sharan Dhaliwal,,@sharandhaliwal_,,Artist and writer,"British-Indian Sharan is founder and editor-in-chief of Burnt Roti magazine, focusing on mental and sexual health for young South Asians, and LGBTQ rights. Aided by crowdfunding, she published her first print issue in April 2016 and has since launched an online version.",https://c.files.bbci.co.uk/8D11/production/_109131163_sharan_dhaliwal_300.jpg,identity,United Kingdom of Great Britain and Northern Ireland (the),2019,"2830,764",42378.606,"85,37624834","0,767","21,7",0,"0,932"
126,39Q,Salwa Eid Naser,21.0,,#Athletics #worldathletics #400m,Athlete,Salwa Eid Naser stunned the field in the 400m final in Doha this year by running faster than any woman has done for more than three decades.,https://c.files.bbci.co.uk/8F4C/production/_109148663_salwa_eid_nasser_300.jpg,sport,Nigeria,2019,"448,12",2229.854,"76,86945703","0,635",,50,"0,539"
127,ye6,Rana El Kaliouby,41.0,@kaliouby,@Affectiva #EmotionAI #Artificialintelligence #fintech  #IA #bigdata,AI pioneer,"Rana el Kaliouby is a pioneer of artificial emotional intelligence, or Emotion AI. Her start-up Affectiva has developed software that can understand emotions by analysing facial expressions through a camera.",https://c.files.bbci.co.uk/7606/production/_109141203_rana_el_kaliouby_300.jpg,knowledge,Egypt,2019,"302,335",3043.64,"25,93789456","0,629",,25,"0,707"
128,3Kg,Maria Fernanda Espinosa,55.0,@mfespinosaEC,@WHO #IWD2021 ,UN General Assembly,"When Maria Fernanda Espinosa became president of the UN General Assembly, she became only the fourth woman to hold the position in the body's history - and the first from Latin America and the Caribbean.",https://c.files.bbci.co.uk/DB31/production/_109131165_maria_espinosa_300.jpg,leadership,Ecuador,2019,"107,436",6221.667,"68,37278039","0,729",,25,"0,759"
129,Mkk,Lucinda Evans,47.0,@Sunbird_Khoisan,@BBCWorld #InternationalWomensDay #WomensDay,Women's rights activist ,"As South Africa faces rising rates of murder and rape against women and girls, Lucinda has emerged as a voice for women. She leads nationwide marches, rallying thousands of women in the streets of Cape Town, challenging government to translate policy into action.",https://c.files.bbci.co.uk/B421/production/_109131164_lucinda_evans_300.jpg,identity,South Africa,2019,"351,354",5977.954,"78,83942599","0,78",,25,"0,709"
130,FTH,Sister Gerard Fernandez,81.0,,#Sister #PrisonMinistry #religiouslife #compassion #BBC #Singapore,Roman Catholic nun,"Sister Gerard is a Roman Catholic nun in Singapore, who worked for three decades as a death row counsellor.",https://c.files.bbci.co.uk/10241/production/_109131166_sister_gerard_fernandez_300.jpg,leadership,Singapore,2019,"372,066",65233.88,"79,05759389","0,724",,50,"0,938"
131,aJc,Bethany Firth,23.0,@BethanyFirth2,,Paralympic swimmer,"Overcoming a fear of water after falling into an adult pool as a toddler, Bethany Firth burst onto the swimming scene at the London 2012 Paralympics. Bethany, who has learning disabilities, is now a four-time Paralympic gold medallist and multiple world record holder, and was Britain's most decorated athlete at the Rio 2016 Paralympics.",https://c.files.bbci.co.uk/13596/production/_109145297_bethany_firth_300.jpg,sport,United Kingdom of Great Britain and Northern Ireland (the),2019,"2830,764",42378.606,"85,37624834","0,767","21,7",0,"0,932"
132,vVT,Owl Fisher,28.0,@UglaStefania,#LGBTQIA #SexNotGender,Transgender activist ,"Owl - aka Ugla Stefanía Kristjönudóttir Jónsdóttir - is a journalist, writer and trans campaigner. They are the co-director of My Genderation, a film project focusing on trans lives and trans experiences.",https://c.files.bbci.co.uk/12951/production/_109131167_owl_fisher_300.jpg,identity,Iceland,2019,"24,224",67857.184,"89,45088673","0,877",40,0,"0,949"
133,StT,Shelly-Ann Fraser-Pryce,33.0,@realshellyannfp,#Caribbean,Athlete,"After storming to victory in 10.71 seconds at the women's 100m final in Doha in September 2019, Shelly-Ann Fraser-Pryce now boasts more 100m world championship titles than Usain Bolt.",https://c.files.bbci.co.uk/12B8C/production/_109148667_shelly_ann_fraser_pryce_300.jpg,sport,Jamaica,2019,"15,884",5826.09,"82,30475224","0,735",,50,"0,734"
134,KSr,Zarifa Ghafari,27.0,@Zarifa_Ghafari,#Afghan #IWOC #WomensHistoryMonth,Mayor,"At 26, Zarifa Ghafari is one of Afghanistan's first female mayors. The country's president appointed her mayor of Maidan Wardag, where support for the Taliban is widespread. She took the job despite it being too dangerous for her to live there - her office was mobbed by angry men on her first day. ",https://c.files.bbci.co.uk/690D/production/_109139862_zarifa_ghafari_300.jpg,leadership,Afghanistan,2019,"18,876",507.29,"29,20021633",,,25,"0,511"
135,BZu,Jalila Haider,31.0,@Advjalila,,Lawyer,"Human rights lawyer Jalila specialises in defending women's rights in Pakistan, and provides free legal services to women in poverty. ",https://c.files.bbci.co.uk/15061/production/_109131168_jalila_haider_300.jpg,leadership,Pakistan,2019,"276,114",1348.676,"26,47202531","0,564",,25,"0,557"
136,WQ5,Tayla Harris,22.0,@tayla_harris7,#TaylaHarris #FootballArt #GoTaylah #IWD2021 #IWD #WomenInSport,Footballer/boxer,"Tayla Harris is an Australian rules footballer playing for Carlton Football Club in the AFL Women's league, and a professional boxer.",https://c.files.bbci.co.uk/9D16/production/_109141204_tayla_harris_300.jpg,sport,Australia,2019,"1387,085",54348.227,"85,46935998","0,731","21,4",50,"0,944"
137,QK2,Hollie Daniels,36.0,@_holliedaniels_,#ASHE2019,Sex trafficking survivor,"Hollie is a survivor of sex trafficking from Columbus, Ohio, US. She was first sold by her mother at the age of 15 and was enslaved through drug-use for 17 years. With the help of an innovative court programme called CATCH Court - which spots criminals who are actually victims - she was able to escape in 2015. Most women who are sex trafficked in the US are branded with tattoos or scars and she has since transformed the tattoos on her own body. ",https://c.files.bbci.co.uk/11AFA/production/_109224427_hollie_300.jpg,identity,United States of America (the),2019,"21433,225",65253.518,"82,75258981","0,724","21,7",50,"0,926"
138,CM2,Huang Wensi,30.0,,#HuangWensi #womenleaders #femaleathletes,Professional boxer,"Huang Wensi, 29, is one of a small but growing number of female boxers in China.",https://c.files.bbci.co.uk/7246/production/_109145292_huang_wensi_300.jpg,sport,China,2019,"14401,726",10286.58,"80,06609183","0,676",,0,"0,761"
139,3XE,Luchita Hurtado,99.0,,#womensart,Artist,"This year, artist Luchita Hurtado landed her first solo show in a public gallery - at the age of 98.",https://c.files.bbci.co.uk/16263/production/_109132709_luchita_hurtado_300.jpg,creativity,Venezuela (Bolivarian Republic of),2019,"63,96",2299.308,"56,03045175","0,713",,0,"0,711"
140,gem,Yumi Ishikawa,32.0,@yumi_ishikawa11,#WomenPower,Founder #kutoo ,"Tired of the pain she suffered wearing heels eight hours a day at work, Yumi decided to vent her frustration on Twitter.",https://c.files.bbci.co.uk/DE3D/production/_109139865_yumi_ishikawa_300.jpg,identity,Japan,2019,"5079,916",40255.936,"74,67930907","0,652","5,3",50,"0,919"
141,zbC,Asmaa James,,@asmaakjames,#SierraLeone,Journalist/activist,"Through a career in journalism and community social work, Asmaa has become the voice of Sierra Leone's voiceless. ",https://c.files.bbci.co.uk/06BB/production/_109132710_asmaa_james_300.jpg,leadership,Sierra Leone,2019,"4,213",539.122,"98,74699697","0,668",,25,"0,452"
142,kXf,Aranya Johar,21.0,,#AranyaJohar,Poet,"Aranya uses beat poetry to address issues like gender equality, mental health and body positivity.",https://c.files.bbci.co.uk/2DCB/production/_109132711_aranya_johar_300.jpg,creativity,India,2019,"2868,93",2097.782,"27,38409038","0,668",,25,"0,645"
143,3JZ,Katrina Johnston-Zimmerman,,@think_katrina,#100Women,Anthropologist,"Katrina Johnston-Zimmerman is an urban anthropologist, working to make cities better places to live in.",https://c.files.bbci.co.uk/54DB/production/_109132712_katrina_johnston_zimmerman.jpg,earth,United States of America (the),2019,"21433,225",65253.518,"82,75258981","0,724","21,7",50,"0,926"
144,iAM,Gada Kadoda,,,#Sudan #BBC100women,Engineer,Dr Gada Kadoda helps women in remote areas use solar power to bring electricity to their villages by training them as community engineers.,https://c.files.bbci.co.uk/C426/production/_109141205_gada_kadoda_300.jpg,earth,Sudan (the),2019,"33,359",771.814,"43,10673961",,,25,"0,51"
145,39g,Amy Karle,,@amykarle,#bioart #Bioartist,Bioartist,"Born with a rare condition which left her with missing skin, Amy Karle grew up fascinated by the possibility of what the human body could be capable of with the right technology.",https://c.files.bbci.co.uk/7BEB/production/_109132713_amy_karle_300.jpg,knowledge,United States of America (the),2019,"21433,225",65253.518,"82,75258981","0,724","21,7",50,"0,926"
146,P3Q,Ahlam Khudr,,,#BlueForSudan #Sudanrevolution #bbcnews,Protest leader,"Self-proclaimed 'mother of all Sudanese martyrs', Ahlam's 17-year-old son was killed in a peaceful protest in 2013. Since then, Ahlam has dedicated her life to seeking justice for him, and fighting for the rights of those killed or 'disappeared' in Sudan. ",https://c.files.bbci.co.uk/10E86/production/_109145296_ahlam_khudr_300.jpg,leadership,Sudan (the),2019,"33,359",771.814,"43,10673961",,,25,"0,51"
147,TFv,Fiona Kolbinger,24.0,,#womenpower #womeninsports #cycling,Cyclist,"In 2019, cancer researcher Fiona Kolbinger became the first woman ever to win the Transcontinental Race - one of the world's toughest cycling races.",https://c.files.bbci.co.uk/A2FB/production/_109132714_fiona_kolbinger_300.jpg,sport,Germany,2019,"3861,55",46472.623,"82,95810294","0,787",40,50,"0,947"
148,BP7,Hiyori Kon,22.0,@hiyori_kon,#BBC100women #LittleMissSumo #femalesumowrestling #sumochampion,Sumo wrestler,"Hiyori Kon, 21, is a sumo wrestling prodigy in a country where women are still barred from competing professionally. ",https://c.files.bbci.co.uk/CA0B/production/_109132715_hiyori_kon_300.jpg,sport,Japan,2019,"5079,916",40255.936,"74,67930907","0,652","5,3",50,"0,919"
149,Yke,Aïssata Lam,33.0,@lam_aissa,,Microfinance expert,Aïssata Lam set up the Youth Chamber of Commerce of Mauritania to support young women entrepreneurs struggling to access funding for their start-ups.,https://c.files.bbci.co.uk/F11B/production/_109132716_aissata_lam_300.jpg,leadership,Mauritania,2019,"7,6",1872.593,"44,75947902","0,614",,25,"0,546"
150,3bG,Soo Jung Lee,55.0,,#100Women,Forensic psychologist,"Forensic psychology professor Soo Jung Lee has worked on numerous high-profile murder cases in South Korea. Based at Kyonggi University in Seoul, she has challenged the legal system, helping introduce an anti-stalking bill.",https://c.files.bbci.co.uk/1054D/production/_109139866_soo_jung_lee_300.jpg,leadership,Korea (the Republic of),2019,"1646,739",31846.217,"73,85988764","0,672","22,2",25,"0,916"
151,mHe,Fei-Fei Li,44.0,@drfeifei,#AI #computervision #ML,AI pioneer,"Fei-Fei Li arrived in the US from China at 16 with no English language skills, working part-time in her parents' dry-cleaning business.",https://c.files.bbci.co.uk/1182B/production/_109132717_fei_fei_300.jpg,knowledge,United States of America (the),2019,"21433,225",65253.518,"82,75258981","0,724","21,7",50,"0,926"
152,327,Erika Lust,42.0,@erikalust,#ErikaLust,Filmmaker,An award-winning independent adult filmmaker exploring how women can help shape the future of porn.,https://c.files.bbci.co.uk/13F3B/production/_109132718_erika_lust_300.jpg,creativity,Sweden,2019,"530,884",51404.434,"90,38404931","0,82","54,5",50,"0,945"
153,32A,Lauren Mahon,34.0,@iAmLaurenMahon,,Cancer survivor,"Nominated for BBC 100 Women list by Jameela Jamil and the I Weigh community, Lauren Mahon is one third of the powerhouse trio ""kicking cancer's arse"" on BBC 5 Live's podcast You, Me & The Big C.",https://c.files.bbci.co.uk/B65C/production/_109148664_lauren_mahon_300.jpg,creativity,United Kingdom of Great Britain and Northern Ireland (the),2019,"2830,764",42378.606,"85,37624834","0,767","21,7",0,"0,932"
154,37N,Julie Makani,49.0,@juliemakani,#Tanzania #Africa,Doctor/scientist,"Julie is from Tanzania, one of five countries in the world with the highest estimated number Sickle Cell Disease (SCD) births annually. She has dedicated the past two decades to research on treatment for the disease and working to influence health policies so that individuals across Africa can access vital diagnostic tests and medicines. ",https://c.files.bbci.co.uk/17B6D/production/_109133179_julie_makani_300.jpg,knowledge,"Tanzania, United Republic of",2019,"60,81",1079.684,"91,36666054","0,713",,25,"0,529"
155,M3U,Lisa Mandemaker,,,#LisaMandemaker,Speculative designer,"Lisa Mandemaker is leading the team building a prototype artificial womb, in collaboration with the Máxima Medical Centre in Holland.",https://c.files.bbci.co.uk/1FC5/production/_109133180_lisa_mandemaker_300.jpg,creativity,Netherlands (the),2019,"907,151",52646.193,"84,75793633","0,736","35,3",50,"0,944"
156,373,Jamie Margolin,18.0,@Jamie_Margolin,,Climate change activist,"At 16, Jamie co-founded the Zero Hour movement, using social media to organise the first youth climate change marches in 25 cities, including Washington DC.",https://c.files.bbci.co.uk/46D5/production/_109133181_jamie_margolin_300.jpg,earth,United States of America (the),2019,"21433,225",65253.518,"82,75258981","0,724","21,7",50,"0,926"
157,3Vm,Francia Marquez,37.0,@FranciaMarquezM,#AfroColombians,Environmentalist,"A formidable leader of the Afro-Colombian community, Francia Márquez spearheaded a 10-day, 350-mile women's march to the country's capital, to take back their ancestral land from illegal gold miners.",https://c.files.bbci.co.uk/1536D/production/_109139868_francia_marquez_300.jpg,earth,Colombia,2019,"323,561",6423.179,"70,11479792","0,758","52,9",25,"0,767"
158,3YW,Gina Martin,26.0,@ginamartinuk,,Campaigner,"After being upskirted at a music festival, Gina Martin launched a campaign to make upskirting illegal in England and Wales. The law was changed this year after an 18-month legal fight.",https://c.files.bbci.co.uk/6DE5/production/_109133182_gina_martin_300.jpg,leadership,United Kingdom of Great Britain and Northern Ireland (the),2019,"2830,764",42378.606,"85,37624834","0,767","21,7",0,"0,932"
159,kg6,Sarah Martins Da Silva,,@SMDS_research,#fertility,Consultant gynaecologist/obstetrician,Sarah is one of Scotland's leading gynaecologists.,https://c.files.bbci.co.uk/94F5/production/_109133183_sarah_martins_da_silva_300.jpg,knowledge,United Kingdom of Great Britain and Northern Ireland (the),2019,"2830,764",42378.606,"85,37624834","0,767","21,7",0,"0,932"
160,Mvj,Raja Meziane,31.0,@RajaMeziane,,Singer ,"Singer Raja Meziane's political music video Allo le Système! has been viewed more than 35 million times on YouTube. Her anti-government songs tackling social injustice, alleged corruption and inequality have seen her forced into exile from Algeria.",https://c.files.bbci.co.uk/EB36/production/_109141206_raja_meziane_300.jpg,creativity,Algeria,2019,"169,267",3898.011,"25,10330533","0,634",,25,"0,748"
161,3Fi,Susmita Mohanty,48.0,@suz_moonwalker,#100women,Space entrepreneur,"Hailed as 'India's space woman', spaceship designer Susmita founded India's first space start-up.",https://c.files.bbci.co.uk/BC05/production/_109133184_sushmita_mohanty_300.jpg,knowledge,India,2019,"2868,93",2097.782,"27,38409038","0,668",,25,"0,645"
162,37G,Benedicte Mundele,26.0,@benesthermunde1,#Benedictemundele #BBC100women,Fresh food entrepreneur,"When Benedicte looked around the Democratic Republic of Congo, she could see plenty of raw produce from potato to passionfruit, but still people were living in food poverty.",https://c.files.bbci.co.uk/E315/production/_109133185_benedicte_mundele_300.jpg,knowledge,Congo (the Democratic Republic of the),2019,"49,816",508.953,"92,07428087","0,578",,25,"0,48"
163,Tnz,Subhalakshmi Nandi,,@SubhalakshmiN,#100women,Gender equality expert,"Based at the International Center for Research on Women, Subhalakshmi has spent over 15 years working to improve gender equality in Asia.",https://c.files.bbci.co.uk/10A25/production/_109133186_subhalakshmi_nandi_300.jpg,identity,India,2019,"2868,93",2097.782,"27,38409038","0,668",,25,"0,645"
164,36J,Trang Nguyen,29.0,@TrangN90,#InternationalWomensDay #Conservation,Conservationist,"Trang Nguyen grew up in Vietnam, confronted from a young age with monkeys chained up for sale on the streets and bears held to extract bile for traditional medicine. So she obtained a PhD in Biodiversity Management, and set up WildAct, a non-profit organisation which helps authorities monitor illegal wildlife trade markets.",https://c.files.bbci.co.uk/11246/production/_109141207_trang_tk_300.jpg,earth,Viet Nam,2019,"329,537",3416.232,"88,50085554","0,7",,0,"0,704"
165,xqz,Van Thi Nguyen,34.0,,#BBC,CEO,"Van is co-founder of the Will to Live Center, which provides training for disabled people in Vietnam's capital, Hanoi.",https://c.files.bbci.co.uk/13135/production/_109133187_nguyen_thi_van_300.jpg,leadership,Viet Nam,2019,"329,537",3416.232,"88,50085554","0,7",,0,"0,704"
166,RQX,Natasha Noel,25.0,@natashanoel001,,Yoga expert,"Natasha is a yogini, a female master practitioner of yoga and wellness coach.",https://c.files.bbci.co.uk/DD6C/production/_109148665_natasha_noel_300.jpg,identity,India,2019,"2868,93",2097.782,"27,38409038","0,668",,25,"0,645"
167,HqW,Alexandria Ocasio-Cortez,30.0,@AOC,#Economics #Politics,Congresswoman,"This year, aged 29, Alexandria Ocasio-Cortez became the youngest woman ever to serve in the United States Congress. She grew up in the Bronx and volunteered as a campaigner in the 2016 Presidential elections.",https://c.files.bbci.co.uk/A5CA/production/_109224424_alexandria_ocasio_cortez_30.jpg,leadership,United States of America (the),2019,"21433,225",65253.518,"82,75258981","0,724","21,7",50,"0,926"
168,FS9,Farida Osman,24.0,@FaridaOsman,#farida_osman #swimming,Swimmer,"Nicknamed 'the golden fish', in 2017 Farida became the first woman in Egypt to win a medal when she claimed bronze in the 50m butterfly at the FINA World Aquatics Championships.",https://c.files.bbci.co.uk/13956/production/_109141208_farida_osman_300.jpg,sport,Egypt,2019,"302,335",3043.64,"25,93789456","0,629",,25,"0,707"
169,JvE,Ashcharya Peiris,,,#100women #women ,Designer,"Ashcharya Peiris was on her way home from work at a bank in Sri Lanka when a bomb blast left her blind in 2000. She lost her job to her disability, but ended up fulfilling her dream of becoming a fashion designer by describing her designs to a seamstress.",https://c.files.bbci.co.uk/169D9/production/_109133629_ashcharya_300.jpg,creativity,Sri Lanka,2019,"83,996",3852.484,"45,52238891","0,68",,25,"0,782"
170,jM3,Danit Peleg,30.0,@danitpeleg3d,#TEDYouth #100women #3dprinting #3DPrinting,Designer,"Fashion designer Danit once found herself at a conference with nothing to wear, so quickly designed a skirt on her laptop and 3D-printed it.",https://c.files.bbci.co.uk/0E31/production/_109133630_danit_peleg_300.jpg,creativity,Israel,2019,"394,652",43603.013,"87,6986452","0,718",19,25,"0,919"
171,38t,Autumn Peltier,15.0,@StephaniePelti3,#Water,Clean water advocate,Autumn Peltier has been campaigning for clean drinking water for indigenous people in Canada since she was just eight years old.,https://c.files.bbci.co.uk/3541/production/_109133631_autumn_peltier_300.jpg,earth,Canada,2019,"1736,426",46271.717,"87,15426518","0,772",50,50,"0,929"
172,XCy,Swietenia Puspa Lestari,25.0,,#30Under30 #DiversCleanAction #MondayMotivation #Sustainability #plasticfree,Diver/environmentalist,"Swietenia founded the Divers Clean Action Foundation to clear marine debris in Indonesia. They now have 1,500 volunteers working across the island nation and South East Asia.",https://c.files.bbci.co.uk/901D/production/_109139863_swietenia_300.jpg,earth,Indonesia,2019,"1120,141",4196.67,"65,4861903","0,7",,25,"0,718"
173,KSw,Megan Rapinoe,34.0,@mPinoe,#USWNT,Footballer,"Megan Rapinoe is a two-time World Cup winner and co-captain of the US Women's National Team. She led the team to victory in the 2019 Women's World Cup, scoring some of the biggest goals of the tournament.",https://c.files.bbci.co.uk/5C51/production/_109133632_megan_rapinoe_300.jpg,sport,United States of America (the),2019,"21433,225",65253.518,"82,75258981","0,724","21,7",50,"0,926"
174,34g,Onjali Rauf,38.0,@OnjaliRauf,#InternationalWomensDay,Writer,Onjali Rauf was recovering from life-saving surgery when the idea for her first book came to her.,https://c.files.bbci.co.uk/1612E/production/_109141409_onjali_rauf_300.jpg,leadership,United Kingdom of Great Britain and Northern Ireland (the),2019,"2830,764",42378.606,"85,37624834","0,767","21,7",0,"0,932"
175,38o,Charlene Ren,,,#GenderEquity #WomenInScience ,Clean water advocate,"As a graduate student, Charlene Ren created MyH2O, a solution to the lack of clean drinking water in rural China. ",https://c.files.bbci.co.uk/8361/production/_109133633_charlene_ren_300.jpg,earth,China,2019,"14401,726",10286.58,"80,06609183","0,676",,0,"0,761"
176,354,Maria Ressa,56.0,@mariaressa,#CourageON #HoldTheLine,Journalist,Maria Ressa is an award-winning journalist from the Philippines who set up website Rappler to expose fake news. ,https://c.files.bbci.co.uk/098A/production/_109224420_maria_ressa_300.jpg,leadership,Philippines (the),2019,"376,795",3511.935,"64,33748257","0,781",,0,"0,718"
177,B28,Djamila Ribeiro,39.0,,#DjamilaRibeiro #100women ,Writer/equality activist,Writer Djamila Ribeiro is one of the most influential figures in the Afro-Brazilian women's rights movement.,https://c.files.bbci.co.uk/AA71/production/_109133634_djamila_ribeiro_300.jpg,identity,Brazil,2019,"1839,077",8751.381,"74,09549601","0,691",,25,"0,765"
178,3QC,Jawahir Roble,24.0,@jj_Roble,#WomenInSport #AfricanWomeninSport @BBCNews,Referee,"Jawahir Roble is the UK's first Muslim, black, female, hijab-wearing referee.",https://c.files.bbci.co.uk/D181/production/_109133635_jj_roble_300.jpg,sport,Somalia,2019,"4,942",320.0,"30,07854846",,,25,
179,3WA,Najat Saliba,,@najat_saliba,#WomenInSTEM #Lebanon #lebanonrevolution,Chemistry professor,"Professor Saliba is conducting world-leading research on polluted air. She grew up on her family's farm in rural Lebanon, but when civil war prompted a move to the city, she was awakened to the disturbing realities of air pollution.",https://c.files.bbci.co.uk/15CA6/production/_109145298_najat_saliba_300.jpg,earth,Lebanon,2019,"52,522",7661.073,"32,0304922","0,599",,50,"0,744"
180,3Dd,Nanjira Sambuli,31.0,@NiNanjira,#digitalcooperation #ArtificialInteligence #AI,Digital equality expert,Nanjira leads the World Wide Web Foundation in its bid to increase digital equality.,https://c.files.bbci.co.uk/F891/production/_109133636_nanjira_sambuli_300.jpg,identity,Kenya,2019,"95,41",2004.42,"94,09382371","0,671",,25,"0,601"
181,WJ5,Zehra Sayers,66.0,@sayers_zehra,#ZehraSayers #100women #biophysicist @sabanciu,Scientist,Biophysicist Zehra Sayers has been hailed as a beacon of hope for the Middle East (Nature journal) for her success in her contribution to bringing scientists from eight Middle Eastern countries together.,https://c.files.bbci.co.uk/17FCE/production/_109145289_zehra_sayers_300.jpg,knowledge,Turkey,2019,"760,94",9150.862,"47,49168337","0,635","12,5",50,"0,82"
182,uQS,Hayfa Sdiri,22.0,@HayfaSdiri,#BBC100women #UNDP #tunisia #BBC,Entrepreneur,"At 16, Hayfa founded not-for-profit Entrcrush, an online platform for future entrepreneurs where they could be matched with donors, and take e-courses in areas like management and accounting.",https://c.files.bbci.co.uk/11FA1/production/_109133637_hayfa_sdiri_300.jpg,knowledge,Tunisia,2019,"38,797",3292.594,"36,11433554","0,644",,25,"0,74"
183,3Wg,Noor Shaker,,@noorshak,#WomenInSTEM #artificalintelligence #womenwhocode,Computer scientist,"Computer scientist Noor Shaker left Syria for Europe in 2008 to follow her passion for Artificial Intelligence. After a successful decade in academia, she turned her skills toward entrepreneurial innovation. Motivated by her mother's fight against cancer, Shaker was compelled to bring her knowledge of AI to the medical world. ",https://c.files.bbci.co.uk/2426/production/_109145290_noor_shaker_300.jpg,knowledge,Syrian Arab Republic,2019,,,"19,78760638","0,567",,50,"0,567"
184,3H7,Bonita Sharma,,@xbonita7,#BBC100Women #Nutribeads #education #bbc100women2019,Innovator,"Inspired by her mum's determination to obtain a degree despite pressure to become a housewife, Bonita Sharma helps educate and empower women and girls in her native Nepal.",https://c.files.bbci.co.uk/146B1/production/_109133638_bonita_sharma_300.jpg,knowledge,Nepal,2019,"30,69",1078.556,"97,44201898","0,68",,25,"0,602"
185,NjS,Vandana Shiva,67.0,@drvandanashiva,#vandanashiva #GandhiAt150,Environmentalist ,"In the 1970s, she was part of a movement of women who threw their arms around trees to prevent them being felled - the original 'tree-huggers'.",https://c.files.bbci.co.uk/17889/production/_109139369_vandana_shiva_300.jpg,earth,India,2019,"2868,93",2097.782,"27,38409038","0,668",,25,"0,645"
186,kxH,Pragati Singh,,@Dr_PragatiSingh,@indianaces_,Doctor,"When qualified doctor Pragati Singh started researching asexuality, she received messages from women who didn't want to have sex but were facing an arranged marriage.",https://c.files.bbci.co.uk/1CE1/production/_109139370_pragati_singh_300.jpg,identity,India,2019,"2868,93",2097.782,"27,38409038","0,668",,25,"0,645"
187,3NJ,Lyubov Sobol,32.0,@SobolLubov,@navalny #Russia #Putin,Anti-corruption activist,"Lawyer Lyubov Sobol investigates alleged corruption in Russia, documenting her work through social media and a YouTube channel with over a million subscribers.",https://c.files.bbci.co.uk/43F1/production/_109139371_lyubov_sobol_300.jpg,leadership,Russian Federation (the),2019,"1702,496",11601.418,"78,15006399","0,706",,50,"0,824"
188,3aq,Samah Subay,,,#Yemen #BBC100women,Lawyer,Samah is a lawyer who has worked tirelessly in difficult circumstances since the war in Yemen started in 2015. She provides legal support to families whose children have 'disappeared'. ,https://c.files.bbci.co.uk/4B36/production/_109145291_samah_subay_300.jpg,leadership,Yemen,2019,"22,568",713.072,"8,550396396","0,494",,50,"0,47"
189,AtH,Kalista Sy,37.0,@Kalista_Sy,#kebetu @BBCAfrica #BBC100Women #africanqueen,Screenwriter/producer,Self-taught screenwriter Kalista Sy's TV series Mistress of a Married Man sent shock waves through her home country when it was released earlier this year.,https://c.files.bbci.co.uk/6B01/production/_109139372_kalista_sy_300.jpg,creativity,Senegal,2019,"23,579",1445.885,"61,22733361","0,684",,0,"0,512"
190,ZJy,Bella Thorne,22.0,@bellathorne,#BellaThorne #ForbiddenFlowers,Actress/director,"This summer, 22-year-old actress and director Bella Thorne released her own topless photos after a hacker threatened to leak them, saying, “It's my decision now, you don't get to take another thing from me.”",https://c.files.bbci.co.uk/14F9B/production/_109251958_bella_thorne_getty_300.jpg,identity,United States of America (the),2019,"21433,225",65253.518,"82,75258981","0,724","21,7",50,"0,926"
191,9Lx,Veronique Thouvenot,62.0,@Vthouvenot,#100Women #Thouvenot #BBC #VeroniqueThouvenot,Health expert,Veronique Thouvenot leads the Zero Mothers Die initiative.,https://c.files.bbci.co.uk/E031/production/_109139375_veronique_thouvenot_300.jpg,knowledge,Chile,2019,"282,254",14772.111,"70,59144341","0,723","34,8",0,"0,851"
192,3VA,Greta Thunberg,16.0,@GretaThunberg,#ClimateStrike #FridaysForFuture #SchoolStrike4Climate #FaceTheClimateEmergency,Climate change activist,"In August 2018, 15-year-old Greta Thurnberg skipped school to protest outside the Swedish parliament. What started as a one-person strike has since spread to a worldwide protest over climate change. Her actions have mobilised activists across the world, with millions of young people taking part in Fridays for Future.",https://c.files.bbci.co.uk/E776/production/_109145295_greta_thunberg_300.jpg,earth,Sweden,2019,"530,884",51404.434,"90,38404931","0,82","54,5",50,"0,945"
193,pMi,Paola Villarreal,35.0,@paw,#BBC100women #100Women @BBC,Computer programmer,"Self-taught computer programmer Paola helped reverse 20,000 racially-biased drugs convictions by developing Data for Justice, a tool with an interactive map comparing police activity in white and minority neighborhoods.",https://c.files.bbci.co.uk/B921/production/_109139374_paola_villarreal_300.jpg,knowledge,Mexico,2019,"1258,206",9862.44,"58,07109577","0,754","42,1",25,"0,779"
194,CiZ,Ida Vitale,96.0,@IdaVitale3,#IdaVitale,Poet,"At 95, poet Ida Vitale is winner of the Cervantes Prize, the most prestigious literary award in the Spanish-speaking world.",https://c.files.bbci.co.uk/12C5D/production/_109139867_ida_vitale_300.jpg,creativity,Uruguay,2019,"56,686",16110.742,"75,75467802","0,737",,25,"0,817"
195,Ae7,Purity Wako,,,#Uganda #PurityWako,Life coach,Purity is a modern day 'senga'. The role traditionally sees aunt-figures training brides-to-be in how to sexually satisfy their husbands.,https://c.files.bbci.co.uk/10741/production/_109139376_purity_wako_300.jpg,identity,Uganda,2019,"36,484",916.156,"91,21014283","0,717",,25,"0,544"
196,o4C,Marilyn Waring,67.0,@Ashley69041706,@BBCWorld #100women,Economist/environmentalist,"Best-known for becoming New Zealand's youngest member of parliament in 1975 aged 23, Marilyn Waring is a pioneer of feminist economics, and author of the groundbreaking Counting for Nothing, which highlighted the value of womens' unpaid work.",https://c.files.bbci.co.uk/12E51/production/_109139377_marilyn_waring_300.jpg,earth,New Zealand,2019,"205,217",41666.635,"86,99382631","0,799","30,8",50,"0,931"
197,UP2,Amy Webb,45.0,@amywebb,#womenmakinghistory #WomenMakingHistoryMonth,Futurist,Amy Webb is a futurist who advises government leaders and the CEOs of some of the world's largest companies on how to prepare for complex futures.,https://c.files.bbci.co.uk/15561/production/_109139378_amy_webb_300.jpg,knowledge,United States of America (the),2019,"21433,225",65253.518,"82,75258981","0,724","21,7",50,"0,926"
198,3ay,Sara Wesslin,28.0,@sarawesslin,@ylesapmi #koltansaame ,Journalist,Sara Wesslin is a Skolt Sami journalist. The Sami are the only indigenous people in the EU.,https://c.files.bbci.co.uk/17695/production/_109139859_sara_wesslin_300.jpg,identity,Finland,2019,"269,327",48809.551,"88,47435793","0,832","37,5",0,"0,938"
199,Nfz,Gina Zurlo,,@gina_zurlo,@CSGC,Scholar of religion,"Having studied everything from megachurch social media use to whether women are more religious than men, Gina Zurlo is an expert in religion statistics.",https://c.files.bbci.co.uk/1AED/production/_109139860_gina_zurlo_300.jpg,identity,United States of America (the),2019,"21433,225",65253.518,"82,75258981","0,724","21,7",50,"0,926"
